pH,660 nm
5.0,0.06166666666666667
5.5,0.025333333333333333
6.0,0.027666666666666662
6.5,0.07166666666666667
7.0,0.027333333333333334
7.5,0.006333333333333333
8.0,0.03266666666666667
